{
  "WorkItem": {
    "AffectedComponent": {
      "Name": "SAML",
      "DisplayName": "SAML"
    },
    "ClosedComment": "Migrating off of Codeplex",
    "ClosedDate": "2007-06-25T11:47:58.737-07:00",
    "CommentCount": 0,
    "Custom": null,
    "Description": "As a developer, I would like the library to protect the end user from replay attacks (ensure that the assertion id has not been used within the same window before).",
    "LastUpdatedDate": "2013-05-13T11:13:19.147-07:00",
    "PlannedForRelease": "",
    "ReleaseVisibleToPublic": false,
    "Priority": {
      "Name": "Medium",
      "Severity": 100,
      "Id": 2
    },
    "ProjectName": "informationcardruby",
    "ReportedDate": "2007-05-20T15:03:15.383-07:00",
    "Status": {
      "Name": "Closed",
      "Id": 4
    },
    "ReasonClosed": {
      "Name": "Unassigned"
    },
    "Summary": "Protect against replay attacks",
    "Type": {
      "Name": "Task",
      "Id": 2
    },
    "VoteCount": 1,
    "Id": 456
  },
  "FileAttachments": [],
  "Comments": [
    {
      "Message": "Moved from deleted structure information_card_authentication 0.2.0",
      "PostedDate": "2007-06-25T11:32:14.087-07:00",
      "Id": -2147483648
    },
    {
      "Message": "",
      "PostedDate": "2007-06-25T11:47:58.737-07:00",
      "Id": -2147483648
    },
    {
      "Message": "",
      "PostedDate": "2013-01-31T20:43:59.23-08:00",
      "Id": -2147483648
    },
    {
      "Message": "",
      "PostedDate": "2013-05-13T11:13:19.147-07:00",
      "Id": -2147483648
    }
  ]
}