{
  "WorkItem": {
    "AffectedComponent": {
      "Name": "SAML",
      "DisplayName": "SAML"
    },
    "ClosedComment": "Migrating off of Codeplex",
    "ClosedDate": "2007-06-25T11:47:53.91-07:00",
    "CommentCount": 0,
    "Custom": null,
    "Description": "As a developer, I would like for the SAML token to provide me a unique ID such that I can identify this user in the database.\n \nTo identify a user, a unique id will be generated from the received SAML token. This could be generated from as hash of the Issuer's key + PPID (Identification Claim type).\n \nA question that is up for discussion is what happens if the PPID is not a required claim?  What would the uniqueID resolve to?",
    "LastUpdatedDate": "2013-05-13T11:13:21.17-07:00",
    "PlannedForRelease": "information_card_authentication 0.1.0",
    "ReleaseVisibleToPublic": true,
    "Priority": {
      "Name": "Medium",
      "Severity": 100,
      "Id": 2
    },
    "ProjectName": "informationcardruby",
    "ReportedDate": "2007-05-19T22:22:22.597-07:00",
    "Status": {
      "Name": "Closed",
      "Id": 4
    },
    "ReasonClosed": {
      "Name": "Unassigned"
    },
    "Summary": "Generate unique ID from SAML token",
    "Type": {
      "Name": "Task",
      "Id": 2
    },
    "VoteCount": 1,
    "Id": 432
  },
  "FileAttachments": [],
  "Comments": []
}