{
  "WorkItem": {
    "AffectedComponent": {
      "Name": "WS",
      "DisplayName": "WS"
    },
    "ClosedComment": "Migrating off of Codeplex",
    "ClosedDate": "2007-06-25T11:48:00.487-07:00",
    "CommentCount": 0,
    "Custom": null,
    "Description": "As a developer, I would like to support both http://www.w3.org/2001/04/xmlenc#rsa-oaep-mgf1p and http://www.w3.org/2001/04/xmlenc#rsa-1_5 algorithms for decrypting the incoming information card token.",
    "LastUpdatedDate": "2013-05-13T11:13:18.843-07:00",
    "PlannedForRelease": "",
    "ReleaseVisibleToPublic": false,
    "Priority": {
      "Name": "Low",
      "Severity": 50,
      "Id": 1
    },
    "ProjectName": "informationcardruby",
    "ReportedDate": "2007-05-20T15:04:53.71-07:00",
    "Status": {
      "Name": "Closed",
      "Id": 4
    },
    "ReasonClosed": {
      "Name": "Unassigned"
    },
    "Summary": "Support encryption algorithms",
    "Type": {
      "Name": "Task",
      "Id": 2
    },
    "VoteCount": 1,
    "Id": 458
  },
  "FileAttachments": [],
  "Comments": []
}