{
  "WorkItem": {
    "AffectedComponent": {
      "Name": "User Login",
      "DisplayName": "User Login"
    },
    "ClosedComment": "Done with other authentication plugins out there.  They work great.",
    "ClosedDate": "2007-06-11T09:12:37.687-07:00",
    "CommentCount": 0,
    "Custom": null,
    "Description": "As a user, I would like to login to my account with my username + password.",
    "LastUpdatedDate": "2013-05-13T11:13:17.967-07:00",
    "PlannedForRelease": "information_card_authentication 0.1.0",
    "ReleaseVisibleToPublic": true,
    "Priority": {
      "Name": "Medium",
      "Severity": 100,
      "Id": 2
    },
    "ProjectName": "informationcardruby",
    "ReportedDate": "2007-05-20T15:09:12.18-07:00",
    "Status": {
      "Name": "Closed",
      "Id": 4
    },
    "ReasonClosed": {
      "Name": "Unassigned"
    },
    "Summary": "Login via username/password",
    "Type": {
      "Name": "Feature",
      "Id": 1
    },
    "VoteCount": 1,
    "Id": 464
  },
  "FileAttachments": [],
  "Comments": []
}