{
  "WorkItem": {
    "AffectedComponent": {
      "Name": "WS",
      "DisplayName": "WS"
    },
    "ClosedComment": "Refactoring complete - can add more token support in the future.",
    "ClosedDate": "2007-06-11T09:02:11.653-07:00",
    "CommentCount": 0,
    "Custom": null,
    "Description": "As a developer, I would like to be able to handle other tokens such as x.509/kerberos/username+password tokens.\n \nFor the immediate future, we're only going to worry about SAML tokens, but let's write this down so we don't forget.  Let's try to make this extensible, but at the same time, not try to predict the future.",
    "LastUpdatedDate": "2013-05-13T11:13:20.877-07:00",
    "PlannedForRelease": "",
    "ReleaseVisibleToPublic": false,
    "Priority": {
      "Name": "Low",
      "Severity": 50,
      "Id": 1
    },
    "ProjectName": "informationcardruby",
    "ReportedDate": "2007-05-20T14:47:29.68-07:00",
    "Status": {
      "Name": "Closed",
      "Id": 4
    },
    "ReasonClosed": {
      "Name": "Unassigned"
    },
    "Summary": "Refactor to allow handling of Kerberos/x.509/username+password tokens (in addition to SAML)",
    "Type": {
      "Name": "Feature",
      "Id": 1
    },
    "VoteCount": 1,
    "Id": 444
  },
  "FileAttachments": [],
  "Comments": []
}