{
  "WorkItem": {
    "AffectedComponent": {
      "Name": "User Login",
      "DisplayName": "User Login"
    },
    "ClosedComment": "Done on beast demo site.",
    "ClosedDate": "2007-06-11T09:13:05.513-07:00",
    "CommentCount": 0,
    "Custom": null,
    "Description": "As a user, I would like to associate an information card with the one my existing accounts.",
    "LastUpdatedDate": "2013-05-13T11:13:17.233-07:00",
    "PlannedForRelease": "information_card_authentication 0.1.0",
    "ReleaseVisibleToPublic": true,
    "Priority": {
      "Name": "Medium",
      "Severity": 100,
      "Id": 2
    },
    "ProjectName": "informationcardruby",
    "ReportedDate": "2007-05-20T15:12:04.757-07:00",
    "Status": {
      "Name": "Closed",
      "Id": 4
    },
    "ReasonClosed": {
      "Name": "Unassigned"
    },
    "Summary": "Associate information card with an existing account",
    "Type": {
      "Name": "Feature",
      "Id": 1
    },
    "VoteCount": 1,
    "Id": 468
  },
  "FileAttachments": [],
  "Comments": []
}