{
  "WorkItem": {
    "AffectedComponent": {
      "Name": "WS",
      "DisplayName": "WS"
    },
    "ClosedComment": "Done.",
    "ClosedDate": "2007-06-11T09:13:56.64-07:00",
    "CommentCount": 0,
    "Custom": null,
    "Description": "As a developer, I would like to verify that the claims specified in the OBJECT tag are actually present in the user token that I receive from the user.",
    "LastUpdatedDate": "2013-05-13T11:13:16.33-07:00",
    "PlannedForRelease": "information_card_authentication 0.1.0",
    "ReleaseVisibleToPublic": true,
    "Priority": {
      "Name": "Medium",
      "Severity": 100,
      "Id": 2
    },
    "ProjectName": "informationcardruby",
    "ReportedDate": "2007-05-28T16:29:38.08-07:00",
    "Status": {
      "Name": "Closed",
      "Id": 4
    },
    "ReasonClosed": {
      "Name": "Unassigned"
    },
    "Summary": "Verify specified claims are in client response",
    "Type": {
      "Name": "Feature",
      "Id": 1
    },
    "VoteCount": 1,
    "Id": 1011
  },
  "FileAttachments": [],
  "Comments": []
}