{
  "WorkItem": {
    "AffectedComponent": {
      "Name": "Documentation",
      "DisplayName": "Documentation"
    },
    "ClosedComment": "Migrating off of Codeplex",
    "ClosedDate": "2007-06-25T11:47:56.94-07:00",
    "CommentCount": 0,
    "Custom": null,
    "Description": "As a developer, I would like to have a guideline as to how to support information cards on my rails site.",
    "LastUpdatedDate": "2013-05-13T11:13:19.99-07:00",
    "PlannedForRelease": "",
    "ReleaseVisibleToPublic": false,
    "Priority": {
      "Name": "Medium",
      "Severity": 100,
      "Id": 2
    },
    "ProjectName": "informationcardruby",
    "ReportedDate": "2007-05-20T14:57:36.807-07:00",
    "Status": {
      "Name": "Closed",
      "Id": 4
    },
    "ReasonClosed": {
      "Name": "Unassigned"
    },
    "Summary": "Guideline for integrating library / plugin to your rails site",
    "Type": {
      "Name": "Feature",
      "Id": 1
    },
    "VoteCount": 1,
    "Id": 450
  },
  "FileAttachments": [],
  "Comments": [
    {
      "Message": "Moved from deleted structure information_card_authentication 0.2.0",
      "PostedDate": "2007-06-25T11:32:14.087-07:00",
      "Id": -2147483648
    },
    {
      "Message": "",
      "PostedDate": "2007-06-25T11:47:56.94-07:00",
      "Id": -2147483648
    },
    {
      "Message": "",
      "PostedDate": "2013-01-31T20:44:03.81-08:00",
      "Id": -2147483648
    },
    {
      "Message": "",
      "PostedDate": "2013-05-13T11:13:19.99-07:00",
      "Id": -2147483648
    }
  ]
}