{
  "WorkItem": {
    "AffectedComponent": {
      "Name": "WS",
      "DisplayName": "WS"
    },
    "ClosedComment": "Migrating off of Codeplex",
    "ClosedDate": "2007-06-25T11:48:03.19-07:00",
    "CommentCount": 0,
    "Custom": null,
    "Description": "Examine the security vulnerabilities to exercise due diligence when providing a plugin/library that performs user authentication for sites.",
    "LastUpdatedDate": "2013-05-13T11:13:16.947-07:00",
    "PlannedForRelease": "",
    "ReleaseVisibleToPublic": false,
    "Priority": {
      "Name": "High",
      "Severity": 150,
      "Id": 3
    },
    "ProjectName": "informationcardruby",
    "ReportedDate": "2007-05-20T15:13:31.337-07:00",
    "Status": {
      "Name": "Closed",
      "Id": 4
    },
    "ReasonClosed": {
      "Name": "Unassigned"
    },
    "Summary": "Security Review / Threat Model",
    "Type": {
      "Name": "Task",
      "Id": 2
    },
    "VoteCount": 1,
    "Id": 470
  },
  "FileAttachments": [],
  "Comments": [
    {
      "Message": "Moved from deleted structure information_card_authentication 0.2.0",
      "PostedDate": "2007-06-25T11:32:14.087-07:00",
      "Id": -2147483648
    },
    {
      "Message": "",
      "PostedDate": "2007-06-25T11:48:03.19-07:00",
      "Id": -2147483648
    },
    {
      "Message": "",
      "PostedDate": "2013-01-31T20:43:48.843-08:00",
      "Id": -2147483648
    },
    {
      "Message": "",
      "PostedDate": "2013-05-13T11:13:16.947-07:00",
      "Id": -2147483648
    }
  ]
}