{
  "WorkItem": {
    "AffectedComponent": {
      "Name": "User Login",
      "DisplayName": "User Login"
    },
    "ClosedComment": "Code adapted from MS recommendations.",
    "ClosedDate": "2007-06-11T09:12:53.53-07:00",
    "CommentCount": 0,
    "Custom": null,
    "Description": "As a user, I would like to see the PPID displayed in a user-friendly way (ex. in the format that it is displayed by the identity selector), such that I can easily manage my information cards associated with my account.\n \nSee: CalculateSiteSpecificID() helper in ASP.NET Cardspace Starter Kit.",
    "LastUpdatedDate": "2013-05-13T11:13:17.55-07:00",
    "PlannedForRelease": "information_card_authentication 0.1.0",
    "ReleaseVisibleToPublic": true,
    "Priority": {
      "Name": "Low",
      "Severity": 50,
      "Id": 1
    },
    "ProjectName": "informationcardruby",
    "ReportedDate": "2007-05-20T15:10:40.507-07:00",
    "Status": {
      "Name": "Closed",
      "Id": 4
    },
    "ReasonClosed": {
      "Name": "Unassigned"
    },
    "Summary": "User friendly PPID",
    "Type": {
      "Name": "Feature",
      "Id": 1
    },
    "VoteCount": 1,
    "Id": 466
  },
  "FileAttachments": [],
  "Comments": []
}