{
  "WorkItem": {
    "AffectedComponent": {
      "Name": "Library",
      "DisplayName": "Library"
    },
    "ClosedComment": "Done.",
    "ClosedDate": "2007-06-11T09:03:03.823-07:00",
    "CommentCount": 0,
    "Custom": null,
    "Description": "As a developer, I'd like to be able to install the information card library via a ruby gem. \n \nRubyGems is a system for managing Ruby software libraries.",
    "LastUpdatedDate": "2013-05-13T11:13:20.27-07:00",
    "PlannedForRelease": "information_card_authentication 0.1.0",
    "ReleaseVisibleToPublic": true,
    "Priority": {
      "Name": "Medium",
      "Severity": 100,
      "Id": 2
    },
    "ProjectName": "informationcardruby",
    "ReportedDate": "2007-05-20T14:55:20.307-07:00",
    "Status": {
      "Name": "Closed",
      "Id": 4
    },
    "ReasonClosed": {
      "Name": "Unassigned"
    },
    "Summary": "Bundle Information Card as a Ruby Gem",
    "Type": {
      "Name": "Feature",
      "Id": 1
    },
    "VoteCount": 1,
    "Id": 448
  },
  "FileAttachments": [],
  "Comments": []
}