{
  "WorkItem": {
    "AffectedComponent": {
      "Name": "Library",
      "DisplayName": "Library"
    },
    "ClosedComment": "Done.",
    "ClosedDate": "2007-06-11T09:03:03.137-07:00",
    "CommentCount": 0,
    "Custom": null,
    "Description": "As a developer, I would like to utilize a Ruby library to accept self-issued tokens on my rails website.\n \nThis project started out by creating a demo site which accepts self-issued tokens. As the code matures, the code can slowly be teased into a library such that other ruby sites can utilize this functionality to accept information cards.",
    "LastUpdatedDate": "2013-05-13T11:13:20.567-07:00",
    "PlannedForRelease": "information_card_authentication 0.1.0",
    "ReleaseVisibleToPublic": true,
    "Priority": {
      "Name": "High",
      "Severity": 150,
      "Id": 3
    },
    "ProjectName": "informationcardruby",
    "ReportedDate": "2007-05-20T14:50:06.523-07:00",
    "Status": {
      "Name": "Closed",
      "Id": 4
    },
    "ReasonClosed": {
      "Name": "Unassigned"
    },
    "Summary": "Extract code into an Information Card library",
    "Type": {
      "Name": "Feature",
      "Id": 1
    },
    "VoteCount": 1,
    "Id": 446
  },
  "FileAttachments": [],
  "Comments": []
}