{
  "WorkItem": {
    "AffectedComponent": {
      "Name": "User Login",
      "DisplayName": "User Login"
    },
    "ClosedComment": "Migrating off of Codeplex",
    "ClosedDate": "2007-06-25T11:47:58.02-07:00",
    "CommentCount": 0,
    "Custom": null,
    "Description": "s a developer, I would like a mechanism for detecting if the user is using an information card enabled browser.\n \nScript code can detect browser support for Information Cards within Internet Explorer by testing the userAgent string to determine whether the browser version is greater than or equal to \"MSIE 7.0\". A second issue with Internet Explorer 7 is that the Information Card support might not be installed (because Microsoft .NET Framework 3.0 is not installed on the machine). This can be detected within the browser by using the \"isInstalled\" property on the Information Card OBJECT from scripting code. .NET 3.0 installation can be detected on web servers by testing whether the userAgent string contains \".NET CLR 3.0\".\n \nFor example, the userAgent string on a Windows XP machine using IE 7 and .NET 3.0 will contain at least these elements:\n \nMSIE 7.0; Windows NT 5.1; .NET CLR 3.0.04506.30",
    "LastUpdatedDate": "2013-05-13T11:13:19.573-07:00",
    "PlannedForRelease": "",
    "ReleaseVisibleToPublic": false,
    "Priority": {
      "Name": "Low",
      "Severity": 50,
      "Id": 1
    },
    "ProjectName": "informationcardruby",
    "ReportedDate": "2007-05-20T15:00:41.57-07:00",
    "Status": {
      "Name": "Closed",
      "Id": 4
    },
    "ReasonClosed": {
      "Name": "Unassigned"
    },
    "Summary": "Detect for information card enabled browser",
    "Type": {
      "Name": "Feature",
      "Id": 1
    },
    "VoteCount": 1,
    "Id": 453
  },
  "FileAttachments": [],
  "Comments": [
    {
      "Message": "Moved from deleted structure information_card_authentication 0.2.0",
      "PostedDate": "2007-06-25T11:32:14.087-07:00",
      "Id": -2147483648
    },
    {
      "Message": "",
      "PostedDate": "2007-06-25T11:47:58.02-07:00",
      "Id": -2147483648
    },
    {
      "Message": "",
      "PostedDate": "2013-01-31T20:44:01.717-08:00",
      "Id": -2147483648
    },
    {
      "Message": "",
      "PostedDate": "2013-05-13T11:13:19.573-07:00",
      "Id": -2147483648
    }
  ]
}