{
  "WorkItem": {
    "AffectedComponent": {
      "Name": "User Login",
      "DisplayName": "User Login"
    },
    "ClosedComment": "Demonstrated with beast demo.",
    "ClosedDate": "2007-06-11T09:12:05.39-07:00",
    "CommentCount": 0,
    "Custom": null,
    "Description": "As a user, I would like to change the cards associated with my account.",
    "LastUpdatedDate": "2013-05-13T11:13:18.147-07:00",
    "PlannedForRelease": "information_card_authentication 0.1.0",
    "ReleaseVisibleToPublic": true,
    "Priority": {
      "Name": "High",
      "Severity": 150,
      "Id": 3
    },
    "ProjectName": "informationcardruby",
    "ReportedDate": "2007-05-20T15:08:36.663-07:00",
    "Status": {
      "Name": "Closed",
      "Id": 4
    },
    "ReasonClosed": {
      "Name": "Unassigned"
    },
    "Summary": "Change card associated with account",
    "Type": {
      "Name": "Feature",
      "Id": 1
    },
    "VoteCount": 1,
    "Id": 463
  },
  "FileAttachments": [],
  "Comments": []
}