{
  "WorkItem": {
    "AffectedComponent": {
      "Name": "Demo",
      "DisplayName": "Demo"
    },
    "ClosedComment": "Done SSLified.",
    "ClosedDate": "2007-06-11T09:13:45.23-07:00",
    "CommentCount": 0,
    "Custom": null,
    "Description": "As a developer viewing the demo site, I do not want to be warned about an untrusted certificate. Obtain a trusted certificate.",
    "LastUpdatedDate": "2013-05-13T11:13:16.507-07:00",
    "PlannedForRelease": "information_card_authentication 0.1.0",
    "ReleaseVisibleToPublic": true,
    "Priority": {
      "Name": "Low",
      "Severity": 50,
      "Id": 1
    },
    "ProjectName": "informationcardruby",
    "ReportedDate": "2007-05-20T15:15:47.32-07:00",
    "Status": {
      "Name": "Closed",
      "Id": 4
    },
    "ReasonClosed": {
      "Name": "Unassigned"
    },
    "Summary": "Certificate for demo site",
    "Type": {
      "Name": "Task",
      "Id": 2
    },
    "VoteCount": 1,
    "Id": 473
  },
  "FileAttachments": [],
  "Comments": []
}