{
  "WorkItem": {
    "AffectedComponent": {
      "Name": "SAML",
      "DisplayName": "SAML"
    },
    "ClosedComment": "Migrating off of Codeplex",
    "ClosedDate": "2007-06-25T11:48:01.503-07:00",
    "CommentCount": 0,
    "Custom": null,
    "Description": "Should the SAML document be validated against a schema?\n \nAlso, the schema does not allow \"colons\" in the AssertionID, yet the SAML tokens generated have \"colons.\"",
    "LastUpdatedDate": "2013-05-13T11:13:17.09-07:00",
    "PlannedForRelease": "",
    "ReleaseVisibleToPublic": false,
    "Priority": {
      "Name": "Medium",
      "Severity": 100,
      "Id": 2
    },
    "ProjectName": "informationcardruby",
    "ReportedDate": "2007-05-20T15:12:35.913-07:00",
    "Status": {
      "Name": "Closed",
      "Id": 4
    },
    "ReasonClosed": {
      "Name": "Unassigned"
    },
    "Summary": "Validate SAML Schema",
    "Type": {
      "Name": "Task",
      "Id": 2
    },
    "VoteCount": 1,
    "Id": 469
  },
  "FileAttachments": [],
  "Comments": [
    {
      "Message": "Moved from deleted structure information_card_authentication 0.2.0",
      "PostedDate": "2007-06-25T11:32:14.087-07:00",
      "Id": -2147483648
    },
    {
      "Message": "",
      "PostedDate": "2007-06-25T11:48:01.503-07:00",
      "Id": -2147483648
    },
    {
      "Message": "",
      "PostedDate": "2013-01-31T20:43:49.533-08:00",
      "Id": -2147483648
    },
    {
      "Message": "",
      "PostedDate": "2013-05-13T11:13:17.09-07:00",
      "Id": -2147483648
    }
  ]
}