{
  "WorkItem": {
    "AffectedComponent": {
      "Name": "User Login",
      "DisplayName": "User Login"
    },
    "ClosedComment": "Migrating off of Codeplex",
    "ClosedDate": "2007-06-25T11:48:04.737-07:00",
    "CommentCount": 0,
    "Custom": null,
    "Description": "As a user, it'd be nice if the fields (ex. username, email address) would populate from the claims in the information card (if present).",
    "LastUpdatedDate": "2013-05-13T11:13:16.163-07:00",
    "PlannedForRelease": "information_card_authentication 0.1.0",
    "ReleaseVisibleToPublic": true,
    "Priority": {
      "Name": "Low",
      "Severity": 50,
      "Id": 1
    },
    "ProjectName": "informationcardruby",
    "ReportedDate": "2007-05-28T16:30:58.863-07:00",
    "Status": {
      "Name": "Closed",
      "Id": 4
    },
    "ReasonClosed": {
      "Name": "Unassigned"
    },
    "Summary": "Auto-populate user fields on registration with information card",
    "Type": {
      "Name": "Feature",
      "Id": 1
    },
    "VoteCount": 1,
    "Id": 1012
  },
  "FileAttachments": [],
  "Comments": []
}