{
  "WorkItem": {
    "AffectedComponent": {
      "Name": "Demo",
      "DisplayName": "Demo"
    },
    "ClosedComment": "informationcardruby.com",
    "ClosedDate": "2007-06-11T09:15:07.013-07:00",
    "CommentCount": 0,
    "Custom": null,
    "Description": "As a developer, I would like to see a demo site utilizing this library/plugin for cardspace authentication.",
    "LastUpdatedDate": "2013-05-13T11:13:17.743-07:00",
    "PlannedForRelease": "information_card_authentication 0.1.0",
    "ReleaseVisibleToPublic": true,
    "Priority": {
      "Name": "Medium",
      "Severity": 100,
      "Id": 2
    },
    "ProjectName": "informationcardruby",
    "ReportedDate": "2007-05-20T15:09:53.587-07:00",
    "Status": {
      "Name": "Closed",
      "Id": 4
    },
    "ReasonClosed": {
      "Name": "Unassigned"
    },
    "Summary": "Demo site for relying party",
    "Type": {
      "Name": "Task",
      "Id": 2
    },
    "VoteCount": 1,
    "Id": 465
  },
  "FileAttachments": [],
  "Comments": []
}