{
  "WorkItem": {
    "AffectedComponent": {
      "Name": "Library",
      "DisplayName": "Library"
    },
    "ClosedComment": "Migrating off of Codeplex",
    "ClosedDate": "2007-06-25T11:48:05.33-07:00",
    "CommentCount": 0,
    "Custom": null,
    "Description": "Reminder to investigate the logging strategy for information card ruby.",
    "LastUpdatedDate": "2013-05-13T11:13:15.32-07:00",
    "PlannedForRelease": "",
    "ReleaseVisibleToPublic": false,
    "Priority": {
      "Name": "Low",
      "Severity": 50,
      "Id": 1
    },
    "ProjectName": "informationcardruby",
    "ReportedDate": "2007-05-28T16:32:12.317-07:00",
    "Status": {
      "Name": "Closed",
      "Id": 4
    },
    "ReasonClosed": {
      "Name": "Unassigned"
    },
    "Summary": "Logging strategy",
    "Type": {
      "Name": "Task",
      "Id": 2
    },
    "VoteCount": 1,
    "Id": 1013
  },
  "FileAttachments": [],
  "Comments": [
    {
      "Message": "Moved from deleted structure information_card_authentication 0.2.0",
      "PostedDate": "2007-06-25T11:32:14.087-07:00",
      "Id": -2147483648
    },
    {
      "Message": "",
      "PostedDate": "2007-06-25T11:48:05.33-07:00",
      "Id": -2147483648
    },
    {
      "Message": "",
      "PostedDate": "2013-01-31T20:43:44.28-08:00",
      "Id": -2147483648
    },
    {
      "Message": "",
      "PostedDate": "2013-05-13T11:13:15.32-07:00",
      "Id": -2147483648
    }
  ]
}