{
  "WorkItem": {
    "AffectedComponent": {
      "Name": "WS",
      "DisplayName": "WS"
    },
    "ClosedComment": "",
    "ClosedDate": "2007-06-11T09:05:14.747-07:00",
    "CommentCount": 0,
    "Custom": null,
    "Description": "Refactor the decryption of the incoming xml token and to utilize WS* library if applicable to eliminate redundancy between projects.",
    "LastUpdatedDate": "2013-05-13T11:13:18.707-07:00",
    "PlannedForRelease": "information_card_authentication 0.1.0",
    "ReleaseVisibleToPublic": true,
    "Priority": {
      "Name": "Medium",
      "Severity": 100,
      "Id": 2
    },
    "ProjectName": "informationcardruby",
    "ReportedDate": "2007-05-20T15:05:29.413-07:00",
    "Status": {
      "Name": "Closed",
      "Id": 4
    },
    "ReasonClosed": {
      "Name": "Unassigned"
    },
    "Summary": "Refactor decryption of incoming token",
    "Type": {
      "Name": "Task",
      "Id": 2
    },
    "VoteCount": 1,
    "Id": 459
  },
  "FileAttachments": [],
  "Comments": []
}