{
  "WorkItem": {
    "AffectedComponent": {
      "Name": "User Login",
      "DisplayName": "User Login"
    },
    "ClosedComment": "Demonstrated with beast demo.",
    "ClosedDate": "2007-06-11T09:12:05.043-07:00",
    "CommentCount": 0,
    "Custom": null,
    "Description": "As a user, I would like to register a new account via my information card.",
    "LastUpdatedDate": "2013-05-13T11:13:18.283-07:00",
    "PlannedForRelease": "information_card_authentication 0.1.0",
    "ReleaseVisibleToPublic": true,
    "Priority": {
      "Name": "Low",
      "Severity": 50,
      "Id": 1
    },
    "ProjectName": "informationcardruby",
    "ReportedDate": "2007-05-20T15:08:01.1-07:00",
    "Status": {
      "Name": "Closed",
      "Id": 4
    },
    "ReasonClosed": {
      "Name": "Unassigned"
    },
    "Summary": "Register new account",
    "Type": {
      "Name": "Feature",
      "Id": 1
    },
    "VoteCount": 1,
    "Id": 462
  },
  "FileAttachments": [],
  "Comments": []
}