[
  {
    "Id": 432,
    "Title": "Generate unique ID from SAML token"
  },
  {
    "Id": 443,
    "Title": "Validate SAML token conditions"
  },
  {
    "Id": 444,
    "Title": "Refactor to allow handling of Kerberos/x.509/username+password tokens (in addition to SAML)"
  },
  {
    "Id": 445,
    "Title": "Recover lost information card"
  },
  {
    "Id": 446,
    "Title": "Extract code into an Information Card library"
  },
  {
    "Id": 447,
    "Title": "Plugin for Information Card authentication"
  },
  {
    "Id": 448,
    "Title": "Bundle Information Card as a Ruby Gem"
  },
  {
    "Id": 449,
    "Title": "Extend plugin to accomodate standard username/password login"
  },
  {
    "Id": 450,
    "Title": "Guideline for integrating library / plugin to your rails site"
  },
  {
    "Id": 451,
    "Title": "Specify policy via WS-SecurityPolicy"
  },
  {
    "Id": 452,
    "Title": "Specify policy via XHTML Syntax"
  },
  {
    "Id": 453,
    "Title": "Detect for information card enabled browser"
  },
  {
    "Id": 454,
    "Title": "Redirect user to SSL"
  },
  {
    "Id": 455,
    "Title": "Specify claims for relying party"
  },
  {
    "Id": 456,
    "Title": "Protect against replay attacks"
  },
  {
    "Id": 457,
    "Title": "Support x509 certificates in SAML KeyInfo"
  },
  {
    "Id": 458,
    "Title": "Support encryption algorithms"
  },
  {
    "Id": 459,
    "Title": "Refactor decryption of incoming token"
  },
  {
    "Id": 460,
    "Title": "Contribute SAML code to SAML library"
  },
  {
    "Id": 461,
    "Title": "Login user via self-issued information card"
  },
  {
    "Id": 462,
    "Title": "Register new account"
  },
  {
    "Id": 463,
    "Title": "Change card associated with account"
  },
  {
    "Id": 464,
    "Title": "Login via username/password"
  },
  {
    "Id": 465,
    "Title": "Demo site for relying party"
  },
  {
    "Id": 466,
    "Title": "User friendly PPID"
  },
  {
    "Id": 467,
    "Title": "RSA error when processing certain self-issued tokens"
  },
  {
    "Id": 468,
    "Title": "Associate information card with an existing account"
  },
  {
    "Id": 469,
    "Title": "Validate SAML Schema"
  },
  {
    "Id": 470,
    "Title": "Security Review / Threat Model"
  },
  {
    "Id": 471,
    "Title": "Performance Review"
  },
  {
    "Id": 472,
    "Title": "Integrate library + plugin with existing rails application"
  },
  {
    "Id": 473,
    "Title": "Certificate for demo site"
  },
  {
    "Id": 1011,
    "Title": "Verify specified claims are in client response"
  },
  {
    "Id": 1012,
    "Title": "Auto-populate user fields on registration with information card"
  },
  {
    "Id": 1013,
    "Title": "Logging strategy"
  }
]