{
  "WorkItem": {
    "AffectedComponent": {
      "Name": "Demo",
      "DisplayName": "Demo"
    },
    "ClosedComment": "Beast demo.",
    "ClosedDate": "2007-06-11T09:13:23.34-07:00",
    "CommentCount": 0,
    "Custom": null,
    "Description": "As a developer, I would like to see rails cardspace integrated with an existing rails application.",
    "LastUpdatedDate": "2013-05-13T11:13:16.68-07:00",
    "PlannedForRelease": "information_card_authentication 0.1.0",
    "ReleaseVisibleToPublic": true,
    "Priority": {
      "Name": "Medium",
      "Severity": 100,
      "Id": 2
    },
    "ProjectName": "informationcardruby",
    "ReportedDate": "2007-05-20T15:15:03.307-07:00",
    "Status": {
      "Name": "Closed",
      "Id": 4
    },
    "ReasonClosed": {
      "Name": "Unassigned"
    },
    "Summary": "Integrate library + plugin with existing rails application",
    "Type": {
      "Name": "Task",
      "Id": 2
    },
    "VoteCount": 1,
    "Id": 472
  },
  "FileAttachments": [],
  "Comments": []
}