{
  "WorkItem": {
    "AffectedComponent": {
      "Name": "SAML",
      "DisplayName": "SAML"
    },
    "ClosedComment": "Verify signature & digest.",
    "ClosedDate": "2007-06-11T09:01:36.137-07:00",
    "CommentCount": 0,
    "Custom": null,
    "Description": "As a developer, I would like to detect when a SAML token does not meet the conditions as specified in the SAML document.\n \nValidate SAML token conditions\n- <NotBefore>\n- <NotAfter>\n- <AudienceRestriction>",
    "LastUpdatedDate": "2013-05-13T11:13:21.017-07:00",
    "PlannedForRelease": "information_card_authentication 0.1.0",
    "ReleaseVisibleToPublic": true,
    "Priority": {
      "Name": "Medium",
      "Severity": 100,
      "Id": 2
    },
    "ProjectName": "informationcardruby",
    "ReportedDate": "2007-05-20T14:45:09.243-07:00",
    "Status": {
      "Name": "Closed",
      "Id": 4
    },
    "ReasonClosed": {
      "Name": "Unassigned"
    },
    "Summary": "Validate SAML token conditions",
    "Type": {
      "Name": "Task",
      "Id": 2
    },
    "VoteCount": 1,
    "Id": 443
  },
  "FileAttachments": [],
  "Comments": []
}