{
  "WorkItem": {
    "AffectedComponent": {
      "Name": "SAML",
      "DisplayName": "SAML"
    },
    "ClosedComment": "Closed.  Other SAML parties, if you would like to collaborate, let us know!",
    "ClosedDate": "2007-06-11T08:52:07.62-07:00",
    "CommentCount": 0,
    "Custom": null,
    "Description": "As a developer, I would like to utilize an existing SAML library - as a full implementation does not exist, I would like to contribute back to that project to eliminate the redundancy in code and maintenance.",
    "LastUpdatedDate": "2013-05-13T11:13:18.573-07:00",
    "PlannedForRelease": "",
    "ReleaseVisibleToPublic": false,
    "Priority": {
      "Name": "Medium",
      "Severity": 100,
      "Id": 2
    },
    "ProjectName": "informationcardruby",
    "ReportedDate": "2007-05-20T15:06:29.413-07:00",
    "Status": {
      "Name": "Closed",
      "Id": 4
    },
    "ReasonClosed": {
      "Name": "Unassigned"
    },
    "Summary": "Contribute SAML code to SAML library",
    "Type": {
      "Name": "Task",
      "Id": 2
    },
    "VoteCount": 1,
    "Id": 460
  },
  "FileAttachments": [],
  "Comments": []
}