{
  "WorkItem": {
    "AffectedComponent": {
      "Name": "WS",
      "DisplayName": "WS"
    },
    "ClosedComment": "Done - also added check for if you specify claims x, y and z, but only get x and y, it raises an error.",
    "ClosedDate": "2007-06-11T09:04:53.607-07:00",
    "CommentCount": 0,
    "Custom": null,
    "Description": "As a developer, I would like to easily specify the claims that are required.\n \n* Given Name = http://schemas.xmlsoap.org/ws/2005/05/identity/claims/givenname\n* Email Address = http://schemas.xmlsoap.org/ws/2005/05/identity/claims/emailaddress\n* Surname = http://schemas.xmlsoap.org/ws/2005/05/identity/claims/surname\n* Street Address = http://schemas.xmlsoap.org/ws/2005/05/identity/claims/streetaddress\n* Locality = http://schemas.xmlsoap.org/ws/2005/05/identity/claims/locality\n* State/Province = http://schemas.xmlsoap.org/ws/2005/05/identity/claims/stateorprovince\n* Postal Code = http://schemas.xmlsoap.org/ws/2005/05/identity/claims/postalcode\n* Country = http://schemas.xmlsoap.org/ws/2005/05/identity/claims/country\n* Home Phone = http://schemas.xmlsoap.org/ws/2005/05/identity/claims/homephone\n* Other Phone = http://schemas.xmlsoap.org/ws/2005/05/identity/claims/otherphone\n* Mobile Phone = http://schemas.xmlsoap.org/ws/2005/05/identity/claims/mobilephone\n* Date of Birth = http://schemas.xmlsoap.org/ws/2005/05/identity/claims/dateofbirth\n* Gender = http://schemas.xmlsoap.org/ws/2005/05/identity/claims/gender\n* PPID = http://schemas.xmlsoap.org/ws/2005/05/identity/claims/privatepersonalidentifier\n* Web site = http://schemas.xmlsoap.org/ws/2005/05/identity/claims/website",
    "LastUpdatedDate": "2013-05-13T11:13:19.307-07:00",
    "PlannedForRelease": "information_card_authentication 0.1.0",
    "ReleaseVisibleToPublic": true,
    "Priority": {
      "Name": "High",
      "Severity": 150,
      "Id": 3
    },
    "ProjectName": "informationcardruby",
    "ReportedDate": "2007-05-20T15:02:28.697-07:00",
    "Status": {
      "Name": "Closed",
      "Id": 4
    },
    "ReasonClosed": {
      "Name": "Unassigned"
    },
    "Summary": "Specify claims for relying party",
    "Type": {
      "Name": "Feature",
      "Id": 1
    },
    "VoteCount": 1,
    "Id": 455
  },
  "FileAttachments": [],
  "Comments": []
}