{
  "WorkItem": {
    "AffectedComponent": {
      "Name": "Plugin",
      "DisplayName": "Plugin"
    },
    "ClosedComment": "Will not fix.\n\nUsername authentication should be done by other plugins out there.",
    "ClosedDate": "2007-06-11T08:49:44.137-07:00",
    "CommentCount": 0,
    "Custom": null,
    "Description": "As a developer, I would like to use the Information Card Ruby plugin but at the same time not sacrifice my ability to provide a standard & rich username/password login mechanism for my users.",
    "LastUpdatedDate": "2013-05-13T11:13:20.137-07:00",
    "PlannedForRelease": "information_card_authentication 0.1.0",
    "ReleaseVisibleToPublic": true,
    "Priority": {
      "Name": "Low",
      "Severity": 50,
      "Id": 1
    },
    "ProjectName": "informationcardruby",
    "ReportedDate": "2007-05-20T14:56:45.96-07:00",
    "Status": {
      "Name": "Closed",
      "Id": 4
    },
    "ReasonClosed": {
      "Name": "Unassigned"
    },
    "Summary": "Extend plugin to accomodate standard username/password login",
    "Type": {
      "Name": "Issue",
      "Id": 3
    },
    "VoteCount": 1,
    "Id": 449
  },
  "FileAttachments": [],
  "Comments": []
}