{
  "WorkItem": {
    "AffectedComponent": {
      "Name": "SAML",
      "DisplayName": "SAML"
    },
    "ClosedComment": "Migrating off of Codeplex",
    "ClosedDate": "2007-06-25T11:47:59.737-07:00",
    "CommentCount": 0,
    "Custom": null,
    "Description": "As a developer, I would like the library to support scenarios where the public key of the identity provider uses x509 certificates.",
    "LastUpdatedDate": "2013-05-13T11:13:18.987-07:00",
    "PlannedForRelease": "",
    "ReleaseVisibleToPublic": false,
    "Priority": {
      "Name": "Low",
      "Severity": 50,
      "Id": 1
    },
    "ProjectName": "informationcardruby",
    "ReportedDate": "2007-05-20T15:04:01.93-07:00",
    "Status": {
      "Name": "Closed",
      "Id": 4
    },
    "ReasonClosed": {
      "Name": "Unassigned"
    },
    "Summary": "Support x509 certificates in SAML KeyInfo",
    "Type": {
      "Name": "Task",
      "Id": 2
    },
    "VoteCount": 1,
    "Id": 457
  },
  "FileAttachments": [],
  "Comments": []
}