{
  "WorkItem": {
    "AffectedComponent": {
      "Name": "User Login",
      "DisplayName": "User Login"
    },
    "ClosedComment": "Username + password authentication is handled by other rails authentication plugins - recovering your account is provided by these mechanisms.",
    "ClosedDate": "2007-06-11T09:02:46.137-07:00",
    "CommentCount": 0,
    "Custom": null,
    "Description": "As a user, I would like to recover my lost account if I have lost my information card.\n \nCards may become lost as users move from computer to computer, hard drive crashes, or data gets accidentally deleted (oops!).",
    "LastUpdatedDate": "2013-05-13T11:13:20.727-07:00",
    "PlannedForRelease": "information_card_authentication 0.1.0",
    "ReleaseVisibleToPublic": true,
    "Priority": {
      "Name": "Medium",
      "Severity": 100,
      "Id": 2
    },
    "ProjectName": "informationcardruby",
    "ReportedDate": "2007-05-20T14:49:02.447-07:00",
    "Status": {
      "Name": "Closed",
      "Id": 4
    },
    "ReasonClosed": {
      "Name": "Unassigned"
    },
    "Summary": "Recover lost information card",
    "Type": {
      "Name": "Feature",
      "Id": 1
    },
    "VoteCount": 1,
    "Id": 445
  },
  "FileAttachments": [],
  "Comments": []
}