{
  "WorkItem": {
    "AffectedComponent": {
      "Name": "Plugin",
      "DisplayName": "Plugin"
    },
    "ClosedComment": "Done.",
    "ClosedDate": "2007-06-11T09:03:03.48-07:00",
    "CommentCount": 0,
    "Custom": null,
    "Description": "As a developer, I would like to use a plugin to add authorization via self-issued tokens (information cards) to my application.",
    "LastUpdatedDate": "2013-05-13T11:13:20.417-07:00",
    "PlannedForRelease": "information_card_authentication 0.1.0",
    "ReleaseVisibleToPublic": true,
    "Priority": {
      "Name": "High",
      "Severity": 150,
      "Id": 3
    },
    "ProjectName": "informationcardruby",
    "ReportedDate": "2007-05-20T14:51:23.507-07:00",
    "Status": {
      "Name": "Closed",
      "Id": 4
    },
    "ReasonClosed": {
      "Name": "Unassigned"
    },
    "Summary": "Plugin for Information Card authentication",
    "Type": {
      "Name": "Feature",
      "Id": 1
    },
    "VoteCount": 1,
    "Id": 447
  },
  "FileAttachments": [],
  "Comments": []
}