[
  {
    "Id": "0",
    "Name": "information_card_authentication 0.1.0",
    "DevelopmentStatus": "None",
    "Description": "Provides personal information card authentication capabilities to a given rails application.",
    "ReleasedDatge": "0001-01-01T00:00:00",
    "ModifiedDate": "2007-06-22T08:59:12.837-07:00",
    "Files": [
      {
        "Id": "532678e4-4c31-463c-943d-82093151eb9a",
        "FileName": "information_card_authentication-0.1.0.zip",
        "Url": "./0/532678e4-4c31-463c-943d-82093151eb9a",
        "Type": "Source Code",
        "UploadDate": "2007-06-22T08:57:28.643-07:00"
      },
      {
        "Id": "02a332d1-fdd3-4a56-a14d-69fb52d13f4d",
        "FileName": "information_card-0.1.0.gem",
        "Url": "./0/02a332d1-fdd3-4a56-a14d-69fb52d13f4d",
        "Type": "Application",
        "UploadDate": "2007-06-22T08:56:29.557-07:00"
      }
    ]
  }
]