[
  {
    "Title": "Home",
    "Id": "43043",
    "ParentWikiTitle": "",
    "FileExtension": "codeplexwiki",
    "UpdatedDate": "2007-07-05T17:24:29.717-07:00",
    "FileAttachments": [
      {
        "Id": "2d8e13af-ba27-40c2-9846-8b53ac064523",
        "FileName": "logo_banner.gif",
        "DownloadUri": "./43043/2d8e13af-ba27-40c2-9846-8b53ac064523"
      },
      {
        "Id": "7af0c8bd-dda2-4ecc-8eb4-11ee05d1ef93",
        "FileName": "microsoft.gif",
        "DownloadUri": "./43043/7af0c8bd-dda2-4ecc-8eb4-11ee05d1ef93"
      },
      {
        "Id": "67909833-249d-4994-88ee-a9c1ae75d0a7",
        "FileName": "thoughtworks.png",
        "DownloadUri": "./43043/67909833-249d-4994-88ee-a9c1ae75d0a7"
      },
      {
        "Id": "5fceba8b-6ef8-4748-91d3-866833e89c0b",
        "FileName": "flow_small.png",
        "DownloadUri": "./43043/5fceba8b-6ef8-4748-91d3-866833e89c0b"
      },
      {
        "Id": "bca0623d-2f8e-410e-80a7-7462de649bc9",
        "FileName": "red_banner_reflection.gif",
        "DownloadUri": "./43043/bca0623d-2f8e-410e-80a7-7462de649bc9"
      }
    ]
  },
  {
    "Title": "Open source libraries",
    "Id": "35388",
    "ParentWikiTitle": "Home",
    "FileExtension": "codeplexwiki",
    "UpdatedDate": "2007-05-22T18:51:58.037-07:00",
    "FileAttachments": []
  },
  {
    "Title": "Managed Card",
    "Id": "34745",
    "ParentWikiTitle": "Personal Card",
    "FileExtension": "codeplexwiki",
    "UpdatedDate": "2007-05-18T22:31:26.32-07:00",
    "FileAttachments": []
  },
  {
    "Title": "Personal Card",
    "Id": "34744",
    "ParentWikiTitle": "Home",
    "FileExtension": "codeplexwiki",
    "UpdatedDate": "2007-05-18T22:31:01.82-07:00",
    "FileAttachments": []
  },
  {
    "Title": "The General Idea",
    "Id": "34742",
    "ParentWikiTitle": "Home",
    "FileExtension": "codeplexwiki",
    "UpdatedDate": "2007-05-18T22:25:14.04-07:00",
    "FileAttachments": [
      {
        "Id": "a8c52514-06e9-4160-b3fe-9cf7154c65cb",
        "FileName": "flow.png",
        "DownloadUri": "./34742/a8c52514-06e9-4160-b3fe-9cf7154c65cb"
      }
    ]
  }
]
